News#	Title Content	match	Score	Polarity
1	ADVANCED MAGNETICS ADMG IN AGREEMENT	2	[advanced, agreement]
2	HEALTH RESEARCH FILES FOR BANKRUPTCY	-1	[bankruptcy]
3	NUMEREX CORP NMRX 2ND QTR JAN 31 LOSS	-1	[loss]
4	U.S. SELLING 12.8 BILLION DLRS OF 3 AND 6-MO BILLS MARCH 30 TO PAY DOWN 1.2 BILLION DLRS	0	[]
5	U.S. 2-YEAR NOTE AVERAGE YIELD 6.43 PCT, STOP 6.44 PCT, AWARDED AT HIGH YIELD 85 PCT	1	[awarded]
6	COMMODORE CBU, ATARI IN SETTLEMENT	0	[]
7	BALDRIGE SUPPORTS NIC TALKS ON CURRENCIES	1	[supports]
8	TRIANGLE TRI BEGINS EXCHANGE OFFER	0	[]
9	SOUTHMARK SM UNIT IN PUBLIC OFFERING OF STOCK	0	[]
10	EASTMAN KODAK CO TO SELL HOLDINGS IN ICN PHARMACEUTICALS AND VIRATEK INC	0	[]
11	FEUD PERSISTS AT U.S. HOUSE BUDGET COMMITTTEE	0	[]
12	TREASURY BALANCES AT FED ROSE ON MARCH 23	0	[]
13	FARM CREDIT SYSTEM SEEN NEEDING 800 MLN DLRS AID	0	[]
14	USX X USS UNIT RAISES PRICES	0	[]
15	UNIONIST URGES RETALIATION AGAINST JAPAN	0	[]
16	EXXON (XON) GETS 99.2 MLN DLR CONTRACT	0	[]
17	EATON (ETN) GETS 53.0 MLN DLR CONTRACT	0	[]
18	ZAIRE AUTHORIZED TO BUY PL 480 RICE - USDA	0	[]
19	MCDONNELL DOUGLAS GETS 30.6 MLN DLR CONTRACT	0	[]
20	MIDIVEST ACQUIRES ASSETS OF BUSINESS AVIATION	0	[]
21	U.S. WHEAT CREDITS FOR JORDAN SWITCHED	0	[]
22	DOLLAR EXPECTED TO FALL DESPITE INTERVENTION	-1	[fall]
23	U.S. TO SELL 12.8 BILLION DLRS IN BILLS	0	[]
24	INLAND STEEL IAD TO BUILD NEW PLANT IN INDIANA	0	[]
25	EASTMAN KODAK EK TO SELL HOLDINGS	0	[]
26	GUINNESS SUES BOESKY IN FEDERAL COURT	-1	[sues]
27	FIRM REDUCES SCEPTRE RESOURCES SRL HOLDINGS	0	[]
28	GENCORP BOARD WITHDRAWS PROPOSALS TO STAGGER DIRECTORS TERMS	0	[]
29	ACKLANDS LTD 1ST QTR FEB 28 NET	0	[]
30	BULL AND BEAR GROUP A BNBGA CUTS FUND PAYOUTS	0	[]
31	CALTEX TO RAISE BAHRAIN OIL PRODUCT PRICES	0	[]
32	CHARTER CO QCHR TO COMPLETE REORGANIZATION	0	[]
33	NASHUA NSH TO PURCHASE PRIVATE DISC MAKER	0	[]
34	ALTRON INC ALRN 4TH QTR JAN 3	0	[]
35	COLLINS FOODS CF MOVES UP WARRANT CONVERSION	0	[]
36	GENCORP GY PROPOSALS WITHDRAWN FROM MEETING	0	[]
37	WEEKLY ELECTRIC OUTPUT UP 2.4 PCT FROM 1986	0	[]
38	MONOLITHIC MMIC TO DROP GATE ARRAY LINE	0	[]
39	API SAYS DISTILLATE STOCKS OFF 4.07 MLN BBLS, GASOLINE OFF 2.69 MLN, CRUDE UP 8.53 MLN	-1	[crude]
40	VERMONT FINANCIAL SERVICES VFSC SETS PAYOUT	0	[]
41	RESORTS INTERNATIONAL GETS BUYOUT PROPOSAL FROM KSZ CO INC	0	[]
42	VR BUSINESS BROKERS EXPANDS OPERATIONS	0	[]
43	CORRECTED - ATT T FORMS COMPUTER SALES GROUPS	0	[]
44	GREAT ATLANTIC AND PACIFIC TEA CO INC GAP DIV	1	[great]
45	GARTNER GROUP GART ACQUIRES COMTEC PROGRAM	0	[]
46	U.S. CAR SALES DOWN 3.9 PCT IN MID-MARCH	0	[]
47	RESORTS INT'L RT.A RECEIVES TAKEOVER OFFER	0	[]
48	CITICORP CCI SEES DOUBLING IN RETAIL BANK NET	0	[]
49	WD-40 CO WDFC 2ND QTR FEB 28 NET	0	[]
50	NASD TO BEGIN SEARCH FOR NEW PRESIDENT	0	[]
51	BRAZIL COMPUTER MARKET TO REMAIN CLOSED-MINISTER	0	[]
52	METALBANC IN OFFERING	0	[]
53	NORTHERN INDIANA PUBLIC SVC NI AGAIN OMITS DIV	0	[]
54	FED'S JOHNSON SAYS DOLLAR STABILIZED AFTER FED TOOK APPROPRIATE ACTION	1	[appropriate]
55	FED CHAIRMAN VOLCKER SAYS BANK PROPOSALS A WORRY	-1	[worry]
56	BORMAN'S INC BRF DECLARES QTLY DIVIDEND	0	[]
57	INTERLEUKIN-2 ILTO DETAILS WARRANT CONVERSION	0	[]
58	U.S. CORN ACREAGE SEEN NEAR RECORD LOW	0	[]
59	KIRSCHNER KMDC COMPLETES PURCHASE	0	[]
60	U.S. SENATORS SEEK TO EXPAND USDA EXPORT BONUS	1	[bonus]
61	FED'S JOHNSON SAYS FED ACTED TO STABILIZE DOLLAR	1	[stabilize]
62	XOMA XOMA FILES FOR PUBLIC OFFERING	0	[]
63	REPUBLIC AMERICAN RAWC PLANS EXCHANGE OFFER	0	[]
64	MARYLAND NATIONAL MDNT SEES NEW NAME	0	[]
65	VENEZUELA TO ANNOUCE PARTNER FOR COAL VENTURE	0	[]
66	GOTTSCHALKS INC GOT 4TH QTR NET	0	[]
67	BORG-WARNER SAYS IT DISCUSSED POSSIBLE TAKEOVER WITH IRWIN JACOBS	0	[]
68	CYCLOPS CORP SAYS CYACQ'S AMENDED OFFER RESTATES ORIGINAL CONDITIONS	0	[]
69	U.S. SUGAR QUOTA MAY BE EASED, CONGRESSMAN SAYS	1	[eased]
70	MOBIL MOB UNIT NAMES GROUP PRESIDENT	0	[]
71	SONY SNE TO SHIP SAMPLE OPTICAL DISKS	0	[]
72	CALIFORNIA MICROWAVE CMIC TAKES 3RD QTR CHARGE	0	[]
73	CRS SIRRINE PLANS MAJOR RESTRUCTURING, WRITE OFF OF UP 43 MLN DLRS	1	[restructuring]
74	H.F. AHMANSON AND CO AHM QTLY DIVIDEND	0	[]
75	BORG-WARNER BOR TELLS OF TALKS WITH JACOBS	0	[]
76	CANADA VOWS TO FIGHT U.S. POTASH ACTION	0	[]
77	TRINTOC, UNION CARBIDE TO BUILD METHANOL PLANT	0	[]
78	ORMAND INDUSTRIES OMD UNIT TO REPAY DEBT	-1	[debt]
79	VOLCKER CALLS DOLLAR SLIDE ENOUGH	1	[enough]
80	NASDAQ MARCH SHORT INTEREST WAS 184.9 MLN SHRS VS 215.7 MLN SHARES IN FEBRUARY	0	[]
81	RB INDUSTRIES RBI COMPLETES STORE SALES	0	[]
82	TRAVELERS TIC UNIT SELLS MORTGAGE CERTIFICATES	0	[]
83	NASDAQ SHORT INTEREST IN MARCH FALLS	-1	[falls]
84	GOLDMAN SACHS SELLS SIGNET SBK UNIT NOTES	0	[]
85	NMS PHARMACEUTICAL NMSI SETS NEW BLOOD TEST	0	[]
86	AMERICAN CAN AC SELLS CONVERTIBLE EUROBONDS	0	[]
87	GENCORP GY TAKEOVER GROUP CANCELS HEARING	0	[]
88	GENCORP GY FIXES RIGHTS SEPARATION DATE	0	[]
89	CANADA ENERGY MINISTER TO MAKE STATEMENT	0	[]
90	AMERICAN INTERNATIONAL AIG SELLS AFRICAN UNIT	0	[]
91	OXFORD INDUSTRIES INC OXM 3RD QTR FEB 27	0	[]
92	UNION TAKES AMERICAN AIRLINES TO COURT	0	[]
93	PORTUGAL MAY HAVE PURCHASED U.S. CORN	0	[]
94	TAIWAN TENDERING THURSDAY FOR U.S. CORN	0	[]
95	SRI LANKA TENDERING OVERNIGHT FOR WHEAT	0	[]
96	BRAZIL ANNOUNCES NEW PLANNING MINISTER	0	[]
97	DIGIGRAPHIC SYSTEMS CORP 4TH QTR OPER LOSS	-1	[loss]
98	BAYOU BYOU IN DEFINITIE MERGER AGREEMENT	1	[agreement]
99	APACHE APA FILES FOR 100 MLN DLR OFFERING	0	[]
100	TRANSCONTINENTAL TGP FILES NEW OFFER	0	[]
101	COMPUTER IDENTICS CORP CIDN 4TH QTR	0	[]
102	FLEET TO ACQUIRE ASSETS OF MARK IV IV UNIT	0	[]
103	MIKRON INSTRUMENT CO MIKR 1ST QTR JAN 31	0	[]
104	GOLDEN NORTH HAS ENCOURAGING DRILL RESULTS	2	[golden, encouraging]
105	UNISYS UIS GETS ORDER FROM SWEDEN	0	[]
106	HAWKEYE HWKB ISSUES PREFERENCE STOCK	0	[]
107	AUSTN FEB ANNUAL M3 MONEY SUPPLY RISES 11.2 PCT	0	[]
108	PS GROUP PSG, USAIR U MOVE UP DEADLINE	0	[]
109	TANDON TCOR SAYS SEARS S STILL CUSTOMER	0	[]
110	MERGERS, PUBLIC OFFERS SEEN AMONG CAR DEALERS	0	[]
111	COMPREHENSIVE CARE CORP CMPH 3RD QTR NET	1	[comprehensive]
112	CHAPMAN CHPN IN RESTRUCTURING	1	[restructuring]
113	VESTAR INC VSTR YEAR LOSS	-1	[loss]
114	UNIVATION INC UNIV EXPANDS EUROPE DISTRIBUTION	0	[]
115	STERLING BANCORP YEAR NET	0	[]
116	FIRST NEW HAMPSHIRE BANKS INC DIV	0	[]
117	HOUSE OF FABRICS HF QUARTERLY DIVIDEND	0	[]
118	Bank of Japan bought 200 to 300 mln dlrs this morning, dealers said.	0	[]
119	MIAMI-Brazil and bank advisory committee agree to 60-day extension on credit lines	0	[]
120	JAPAN BUYS MODEST AMOUNT OF DOLLARS, DEALERS SAY	1	[modest]
121	Miami-Brazil says it expects to make no interest payments before March 31	0	[]
122	CORRECTED-MIAMI-Brazil, bank committee will transmit request for 60-day credit extension	0	[]
123	BRAZIL/BANK COMMITTEE AGREE ON CREDIT REQUEST	0	[]
124	JAPAN'S 1986/87 SUGAR CANE OUTPUT SEEN FALLING	-1	[falling]
125	INDIAN ROCKET LAUNCH FAILS	-1	[fails]
126	AUSTRALIA'S OPPOSITION PARTY GAINING POPULARITY	0	[opposition, gaining]
127	WEEKS PETROLEUM LTD WPMA.MEL CALENDAR 1986	0	[]
128	Bank of Japan keeps intervening to hold dollar above 149 yen, brokers	0	[]
129	JAPAN INTERVENING TO KEEP DOLLAR UP, BROKERS	0	[]
130	BELL GROUP ISSUING 200 MLN IN CONVERTIBLE BONDS	0	[]
131	Current exchange rates almost within levels agreed by major nations - Sumita	0	[]
132	Sumita says major nations cooperated to stabilise currencies.	0	[]
133	THAILAND'S FOREIGN RESERVES FALL IN FEBRUARY	-1	[fall]
134	EXCHANGE RATES ALMOST WITHIN G-6 LEVELS - SUMITA	0	[]
135	N.Z. TRADE SURPLUS 119.1 MLN DLRS IN FEBRUARY	0	[]
136	MATSUSHITA TO ISSUE 200 BILLION YEN CONVERTIBLE	-1	[issue]
137	Sumita says Bank of Japan has no intention of lowering its discount rate	0	[]
138	JAPAN DOES NOT INTEND TO CUT DISCOUNT RATE-SUMITA	0	[]
139	JARDINE MATHESON PROFITS SEEN UP SHARPLY IN 1986	-1	[sharply]
140	HU YAOBANG APPEARS AT CHINA PARLIAMENTARY SESSION	0	[]
141	FOREIGN BROKERS GET MORE ACCESS TO JAPANESE BONDS	0	[]
142	CHINA'S FIRST JOINT VENTURE BANK REPORTS PROFIT	0	[]
143	BANGLADESH'S PAYMENTS DEFICIT NARROWS IN OCTOBER	0	[]
144	PEKING FACES WATER RATIONING	0	[]
145	U.S.-CHINA CIGARETTE FILTER JOINT VENTURE SET UP	0	[]
146	TWO JAPANESE STEELMAKERS TO CUT CAPITAL SPENDING	0	[]
147	NISSAN AFFILIATE TO ACQUIRE U.S. AUTOPARTS MAKER	0	[]
148	DUTCH STATE LAUNCHES NEW EIGHT YEAR BULLET AT 6-1/4 PCT - OFFICIAL	0	[]
149	YEN MAY RISE TO 140 TO THE DOLLAR, NIKKEIREN SAYS	0	[]
150	SINGAPORE SECURITIES MARKET CONSIDERING CHANGES	0	[]
151	NEW DUTCH BULLET STATE LOAN AT 6-1/4 PCT DUE 1995	0	[]
152	BRUSSELS - Ferruzzi says it will pay 630 mln dlrs to CPC International for European mills.	0	[]
153	VIETNAM TO RESETTLE 300,000 ON STATE FARMS IN 1987	0	[]
154	EC MINISTERS FAIL TO END DEADLOCK ON RESEARCH PLAN	-2	[fail, deadlock]
155	MADAGASCAR EXTENDS AMOCO OIL EXPLORATION AGREEMENT	1	[agreement]
156	FERRUZZI DEAL WITH CPC WORTH 630 MLN DLRS	1	[worth]
157	AIRLINES CAN INCREASE HONG KONG/MANILA FLIGHTS	0	[]
158	SWIRE PACIFIC LTD SWPC.HKG YEAR 1986	0	[]
159	BAT Industries 1986 pretax profit 1.39 billion stg vs 1.17 billion	0	[]
160	BAT INDUSTRIES PLC BTI.L 1986 YEAR	0	[]
161	SWIRE PLANS BONUS ISSUE ON HIGHER 1986 PROFITS	0	[bonus, issue]
162	Japan Trade Ministry asks trade houses, exporters to reduce dlr sales, sources	0	[]
163	SRI LANKAN GOVERNMENT TO STOP IMPORTING SUGAR	0	[]
164	NEW DUTCH SPECIAL ADVANCES TOTAL 4.2 BILLION	0	[]
165	DANISH FEBRUARY CONSUMER PRICES FALL 0.1 PCT	-1	[fall]
166	JAPAN ASKS TRADERS, EXPORTERS TO CUT DOLLAR SALES	0	[]
167	BANK OF JAPAN TO SELL 300 BILLION YEN IN BILLS	0	[]
168	ABBEY NATIONAL HAS ONE BILLION DLR EURO CD PACT	0	[]
169	ENSERCH ISSUES 100 MLN DLR CONVERTIBLE BOND	0	[]
170	MIDDLE EAST CURRENCY MARKET SEES KEY CHANGES	0	[]
171	BELGOLUX TRADE SWINGS INTO JANUARY DEFICIT	0	[]
172	GUINNESS SEEKS U.K. INJUNCTION AGAINST SAUNDERS	0	[]
173	CITIBANK LAUNCHES CURRENCY WARRANTS	0	[]
174	MALAYSIA'S FOREIGN BORROWING HELD AT 1986 LEVEL	0	[]
175	BASF U.S. PROFIT,TURNOVER BOOSTED BY ACQUISITIONS	0	[]
176	SWISS BANK NET FOREIGN ASSESTS UP IN 4TH QUARTER	0	[]
177	BICC PLC BICC.L 1986 YEAR	0	[]
178	TAIWAN MONEY SUPPLY RISES 48.22 PCT IN YEAR	0	[]
179	PAKISTAN SAYS AFGHAN AIR RAID KILLED ALMOST 150	-1	[killed]
180	CHINA MUST CUT DEMAND, CONTINUE REFORMS, ZHAO SAYS	1	[reforms]
181	NIPPON STEEL TO REDUCE DIVIDEND	0	[]
182	BAT SEES STRONG PERFORMANCE FROM ALL SECTORS	1	[strong]
183	CHINA'S PREMIER ZHAO SAYS POLITICAL CRISIS OVER	0	[premier, crisis]
184	TAIWAN SEES ITS INVESTMENT IN U.S. RISING SHARPLY	-1	[sharply]
185	BABCOCK UNIT WINS ORDER FOR VENEZUELAN POWER PLANT	1	[wins]
186	JARDINE TO JOIN CONSORTIUM FOR HK SECOND AIRPORT	0	[]
187	BABCOCK INTERNATIONAL PLC BABK.L YEAR 1986	0	[]
188	VEBA PLACEMENT CONTINUES FOR SMALL SHAREHOLDERS	0	[]
189	DELTA GROUP DLTL.L YEAR TO JAN 3.	0	[]
190	PLACER PACIFIC SAYS BIG BELL GOLD STUDY EXPANDING	1	[gold]
191	BELGIAN PUBLIC DEBT RISES IN FEBRUARY	-1	[debt]
192	BABCOCK EXPECTS FURTHER PROGRESS IN 1987	1	[progress]
193	EGYPT BUYS 46,000 TONNES OF SUNFLOWERSEED OIL	0	[]
194	CHINA TO TIGHTEN IMPORT CONTROL, CUT EXPORT COSTS	0	[]
195	WEST GERMANS TO MINT COMMUNITY ANNIVERSARY COIN	0	[]
196	SINGAPORE GDP TO GROW SIX PCT IN FIRST QUARTER	0	[]
197	CARGILL U.K. STRIKE TALKS TO RESUME THIS AFTERNOON	-1	[strike]
198	NORWAY ISSUES 60 BILLION YEN EUROBOND	0	[]
199	BROCKWAY AIR TO BUY FIVE SAAB PLANES	0	[]
200	SAAB-SCANIA LAUNCHES 100 MLN DLR EURO-CP PROGRAM	0	[]
201	BRITISH COMPOUND FEED PRODUCTION DETAILED	0	[]
202	KLOECKNER UND CO'S 1986 PROFIT FALLS ABOUT 20 PCT	-1	[falls]
203	MIXED ASIAN REACTION TO NEW RUBBER PACT	0	[]
204	CIBA-GEIGY, PHILLIPS PETROLEUM IN JOINT VENTURE	0	[]
205	KRUPP TO BUILD SOUTH KOREAN STEEL PLANT	0	[]
206	SWIRE EXPECTS CONTINUED GROWTH THIS YEAR	0	[]
207	UNCERTAINTY SURROUNDS EC SUGAR TENDER RESULT-TRADE	1	[tender]
208	ABU DHABI TO REOPEN GULF OILFIELD HIT IN 1986 RAID	0	[]
209	CHAD SAYS TROOPS KILLED 1,200 LIBYANS IN BATTLE	-1	[killed]
210	RAINBOW LIFTS PROGRESSIVE STAKE TO 52 PCT	1	[progressive]
211	BANK OF THAILAND PLANS ITS FIRST BOND ISSUE	-1	[issue]
212	FOREIGN BROKERS GET MORE ACCESS TO JAPANESE BONDS	0	[]
213	YEN MAY RISE TO 140 TO THE DLR, NIKKEIREN SAYS	0	[]
214	JAPAN BUYS MODEST AMOUNT OF DOLLARS, DEALERS SAY	1	[modest]
215	BRAZIL/BANK COMMITTEE AGREE ON CREDIT REQUEST	0	[]
216	JAPAN DOES NOT INTEND TO CUT DISCOUNT RATE-SUMITA	0	[]
217	U.K. MONEY MARKET FORECAST REVISED TO SHOW SURPLUS	0	[]
218	BANK OF ENGLAND DOES NOT OPERATE IN MONEY MARKET	0	[]
219	BANK OF JAPAN TO SELL 300 BILLION YEN IN BILLS	0	[]
220	EXCHANGE RATES ALMOST WITHIN G-6 LEVELS - SUMITA	0	[]
221	AFGHAN BOMBING TOLL ALMOST 150	-1	[toll]
222	JAPAN ASKS TRADERS, EXPORTERS TO CUT DOLLAR SALES	0	[]
223	SWIRE UNCOMMITTED ON PROPOSED NEW H.K. AIRPORT	0	[]
224	CENTRAL BANKS BUY DOLLARS FOR YEN IN LONDON	0	[]
225	BRAZIL, BANKS FAIL TO MAKE BREAKTHROUGH IN DEBT TALKS	-1	[fail, breakthrough, debt]
226	CHINA MUST REFORM IRRATIONAL PRICE SYSTEM, ZHAO	0	[reform, irrational]
227	SEVERE DROUGHT AFFECTS EAST, NORTHEAST THAILAND	-2	[severe, drought]
228	OCEAN TRANSPORT AND TRADING PLC OTTL.L YEAR 1986	0	[]
229	DART GROUP RAISES SUPERMARKETS GENERAL SGL BID	0	[]
230	OLSON INDUSTRIES INC OLSN 4TH QTR NET	0	[]
231	OLSON OLSN TO HAVE LOSS FROM EGG UNIT SALE	-1	[loss]
232	JEFFERIES JEFG SETS SUPERMARKETS SGL MARKET	0	[]
233	E.D. And F. MAN TO BUY INTO HONG KONG FIRM	0	[]
234	ORACLE CORP ORCL 3RD QTR FEB 28 NET	0	[]
235	DISNEY DIS OPENING EXPERIMENTAL RETAIL OUTLET	0	[]
236	ENTERRA CORP EN 4TH QTR LOSS	-1	[loss]
237	JOHNSTOWN/CONSOLIDATED REALTY TRUST JCT NET	1	[trust]
238	DURIRON DURI COMPLETES VALTEK VALT PURCHASE	0	[]
239	WASHINGTON FEDERAL SAVINGS WFSL QUARTERLY DIV	1	[savings]
240	SINGER SMF GETS TEXAS AIR TEX CONTRACT	0	[]
241	ROWLEY-SCHER RSCH TO HAVE LOSS FOR YEAR	-1	[loss]
242	DIXONS SAID IT GOT AND ACCEPTED ONLY 20 PCT OF CYCLOPS SHARES IN TENDER	1	[tender]
243	LONDON ON RISE AS TRADING CENTRE IN U.S. DEBT	-1	[debt]
244	MATSUSHITA TO ISSUE 200 BILLION YEN CONVERTIBLE	-1	[issue]
245	DIXONS GETS ONLY 20 PCT OF CYCLOPS CYL IN BID	0	[]
246	OPPOSITION SAYS UK GOV'T GAVE ARMS TO CONTRAS	-1	[opposition]
247	BRAZIL ANNOUNCES NEW PLANNING MINISTER	0	[]
248	CITIBANK LAUNCHES CURRENCY WARRANTS	0	[]
249	KAUFMAN AND BROAD HOME CORP KBH 1ST QTR FEB 28	0	[]
250	METRO CABLE METO TO SELL PARTNERSHIP	0	[]
251	RENOUF HAS 93.4 PCT OF BENEQUITY BH UNITS	0	[]
252	OIL ANALYST SEES PAPUA NEW GUINEA AS GOOD PROSPECT	1	[good]
253	CHINA TO TIGHTEN IMPORT CONTROL, CUT EXPORT COST	0	[]
254	USAIR GROUP INC U SETS QUARTERLY	0	[]
255	CHINA MUST CUT DEMAND, CONTINUE REFORMS: ZHAO	0	[]
256	YUGOSLAVIA SEEKS 600 MLN ECU LOAN FROM EC	0	[]
257	MCFARLAND MCFE TO BUY PETROMINERALS PTRO	0	[]
258	TIMMINCO ACQUIRES UNIVERSAL ADHESIVES	0	[]
259	PALOMA PETROLEUM LTD YEAR NET	0	[]
260	U.K. MONEY MARKET SURPLUS REVISED TO 250 MLN STG	0	[]
261	TECHNIMED CORP GETS FDA APPROVAL FOR DRUG	1	[approval]
262	AMERICAN RESOURCE CORP LTD YEAR NET	0	[]
263	WASTE MANAGEMENT ENDS TENDER OFFER FOR CHEMLAWN	0	[waste, tender]
264	WEST GERMAN JAN COFFEE IMPORTS DOWN ON YEAR-AGO	0	[]
265	ONE VALLEY BANCORP OVWV RAISES QUARTERLY	0	[]
266	NATIONAL DATA CORP NDTA 3RD QTR FEB 28 NET	0	[]
267	NVHOMES NVH SETS TWO-FOR-ONE SPLIT	-1	[split]
268	AMERICAN RESOURCE SETS RIGHTS OFFERING	0	[]
269	VANGUARD TECHNOLOGIES INTERNATIONAL INC VTI	0	[]
270	THOMSON MCKINNON U.S. GOVERNMENT FUND DIVIDEND	0	[]
271	THOMSON MCKINNON INCOME FUND DIVIDEND	0	[]
272	(OAKRIDGE HOLDINGS INC) 2ND QTR DEC 31 NET	0	[]
273	GENERAL COMPUTER CORP GCCC 3RD QTR FEB 28 NET	0	[]
274	UK EQUITIES SEEN DUE FOR DOWNWARD CORRECTION	0	[]
275	ENSERCH ISSUES 100 MLN DLR CONVERTIBLE BOND	0	[]
276	BRIERLEY OFFER FOR PROGRESSIVE STILL VALID	1	[progressive]
277	AVATAR HOLDINGS INC AVTR YEAR NET	0	[]
278	NORWAY OFFERS 11TH LICENCE ROUND OFFSHORE BLOCKS	0	[]
279	PERCEPTION TECHNOLOGY PCEP TO TAKE CHARGE	0	[]
280	INSPECTORATE ISSUES 200 MLN MARK EQUITY EUROBOND	0	[]
281	Bundesbank buys dollars for yen - Frankfurt dealers	0	[]
282	REUTERS TO BUY I P SHARP OF CANADA	1	[sharp]
283	HORIZON BANK HRZB SETS STOCK SPLIT	-1	[split]
284	WASTE WMX ENDS OFFER FOR CHEMLAWN CHEM	-1	[waste]
285	CORE-MARK INTERNATIONAL NAMES ACTING CHAIRMAN	0	[]
286	ACKERLY COMMUNICATIONS INC YEAR LOSS	-1	[loss]
287	UNITED MEDICAL UM TO SELL UNIT	0	[]
288	REXNORD REX TO CUT STAFF TO 50 FROM 112	0	[]
289	CCC ACCEPTS BONUS BID ON CATTLE FOR EGYPT - USDA	1	[bonus]
290	INTEL INTC UNIT SELLS NOTES AT 8.18 PCT	0	[]
291	SPAIN'S SOCIALIST TRADE UNION PUSHES FOR WAGE HIKE	0	[]
292	THATCHER DEFENDS UK OIL POLICY IN SAUDI INTERVIEW	0	[]
293	MARCH PRICES FELL IN GERMAN STATE ON YEAR-AGO	-1	[fell]
294	BUNDESBANK BUYS DOLLARS IN FRANKFURT - DEALERS	0	[]
295	CROSSLAND SAVINGS CRLDACQUIRES WESTERN SAVINGS	2	[savings, savings]
296	GENERAL ELECTRIC GE SELLS RIGHTS TO TECHNIQUE	0	[]
297	CPC CPC EXPECTS EUROPEAN SALE TO CUT DEBT	-1	[debt]
298	BANK OF ENGLAND DRAINS MONEY MARKET LIQUIDITY	-1	[drains]
299	H.K. OFFICIAL DEFENDS NON-PROSECUTION OF BOND	0	[]
300	VICORP RESTAURANTS INC VRES 1ST QTR FEB 15 NET	0	[]
301	COMMERZBANK TO ACQUIRE AND FLOAT LINOTYPE	0	[]
302	VICORP VRES ENDS SALE/LEASEBACK DEAL	0	[]
303	EC EXPORT LICENCES FOR 59,000 TONNES WHITE  SUGAR AT REBATE 45.678 ECUS - FRENCH TRADERS	0	[]
304	U.K. INTERVENTION BOARD DETAILS EC SUGAR SALES	0	[]
305	PIONEER-STANDARD ELECTRONICS INC PIOS PAYOUT	0	[]
306	AMSTERDAM EXCHANGE ANNOUNCES MODERNISATION DRIVE	0	[]
307	HOUSE WAYS AND MEANS CMTE FINISHES WORK ON BILL TO TOUGHEN TRADE LAWS	1	[work]
308	CHEROKEE GROUP CHKE FILES TO OFFER SHARES	0	[]
309	SOUTH AFRICA PROBLEMS REMAIN DESPITE DEBT PACT	-2	[problems, debt]
310	FABRI-CENTERS FCA 4TH QTR ENDS JAN 31 NET	0	[]
311	TSENG LABORATORIES INC TSNG 4TH QTR NET	0	[]
312	PARK ELECTROCHEMICAL CORP PKE SETS PAYOUT	0	[]
313	BRAZIL SEAMEN SAY STRIKE NEAR END	-1	[strike]
314	KEY U.S. HOUSE PANEL FINISHES MAJOR TRADE BILL	0	[]
315	RUSS TOGS INC RTS 4TH QTR JAN 31 NET	0	[]
316	JOHNSTOWN AMERICAN COS JAC 2ND QTR FEB 28 NET	0	[]
317	EASCO OFFERS INITIAL SALE OF SECURITIES	0	[]
318	KEIHIN ELECTRIC EXPRESS ISSUES 150 MLN DLR BOND	0	[]
319	BRISTOL AND WEST BUILDING SOCIETY ISSUES CDS	0	[]
320	WOOLWICH BUILDING SOCIETY ISSUING 50 MLN STG BOND	0	[]
321	ITT ITT  UNIT FILES FOR PREFERRED STOCK SALE	0	[]
322	CPC EXPECTS EUROPEAN SALE TO CUT DEBT	-1	[debt]
323	THERMO PROCESS TPSI ACQUISITION TERMINATED	0	[]
324	CHRYSLER FINANCE ISSUING STERLING EUROBOND	0	[]
325	NORANDA RAISES PRIMARY ALUMINUM PRICES	0	[]
326	SOVIET PAPER DETAILS GEORGIAN FLOOD DAMAGE	-1	[damage]
327	UTILICORP UCU SEES HIGHER 1987 FIRST QUARTER	0	[]
328	XYLOGICS INC INITIAL OFFERING UNDERWAY	0	[]
329	TSENG TSNG SEES SALES INCREASE FIRST QTR 1987	0	[]
330	MINNTECH MNTX GETS MORE CASH FOR DEVELOPMENT	0	[]
331	STOCKHOLDER SYSTEMS SSIAA MAKES ACQUISITION	0	[]
332	CONCEPT INC CCPT 2ND QTR FEB 28 NET	0	[]
333	LIFE OF INDIANA CORP LIFI 4TH QTR LOSS	-1	[loss]
334	B.F. SAUL REAL ESTATE INVESTMENT BFS PAYOUT	0	[]
335	SOUTH AFRICA PROBLEMS REMAIN DESPITE DEBT PACT	-2	[problems, debt]
336	MAYTAG MYG SEES CAPITAL SPENDING UP IN 1987	0	[]
337	TRAVELERS TIC UNIT TO BUY REALTY DIVISIONS	0	[]
338	COMMUNICATIONS AND CABLE INC CCAB 1ST QTR NET	0	[]
339	BEN EQUITY HOLDINGS BH SUSPENDED ON NYSE	0	[]
340	ESCAGEN CORP ESN INITIAL OFFERING STARTS	0	[]
341	BRISTOL-MYERS BMY FILES AIDS VACCINE WITH FDA	0	[]
342	DALLAS INVESTOR CUTS STAKE IN MCDERMOTT (MDR)	0	[]
343	FED ADOPTS REDEPOSIT SERVICE FOR BOUNCED CHECKS	0	[]
344	INTN'L PLATINUM, DEGUSSA IN JOINT VENTURE TALKS	0	[]
345	WESTWOOD ONE INC WONE 1ST QWTR FEB 28 NET	0	[]
346	REAGAN OPPOSES NEW TAXES, SEEKS BUDGET	0	[]
347	IRAN SAYS HAS BETTER WEAPONS THAN SILKWORM	1	[better]
348	EC COMMISSION DETAILS SUGAR TENDER	1	[tender]
349	INLAND STEEL IAD PREFERRED OFFERED	0	[]
350	ADVANCED MICRO AMD PREFERRED OFFERED	1	[advanced]
351	TRICENTROL TO CONCENTRATE ON PROVEN RESERVES	1	[proven]
352	ROLLS-ROYCE SIGNS NEW ENGINE DEAL WITH BOEING	0	[]
353	BROOKLYN UNION GAS CO BU SETS PAYOUT	0	[]
354	UNISYS UIS INTRODUCES NEW PRODUCTS	0	[]
355	ARGENTINE PORT WORKERS TAKE INDUSTRIAL ACTION	0	[]
356	NOVAMIN SAYS IT RECEIVED PROPOSED TAKEOVER BID FROM BREAKWATER	0	[]
357	NYFE SEAT SELLS FOR 200 DLRS	0	[]
358	NEC CORP HAS 150 MLN DLR EURO-CP PROGRAM	0	[]
359	FRANCE SETS FOUR BILLION FRANC T-BILL TENDER	1	[tender]
360	FED EXPECTED TO ADD RESERVES IN MARKET	0	[]
361	INDIA REPORTED BUYING TWO WHITE SUGAR CARGOES	0	[]
362	NOVAMIN IN PROPOSED BUYOUT BY BREAWATER BWRLF	0	[]
363	LILLY INDUSTRIAL COATINGS INC LICIA 1ST QTR	0	[]
364	COMMONWEALTY REALTY CRTYZ, BAY BAY END TALKS	0	[]
365	MET-PRO CORP MPR 4TH QTR ENDS JAN 31 NET	0	[]
366	EDO EDO TO BUY BACK ADDITIONAL 500,000 SHARES	0	[]
367	VISTA VISA FORMS OFFICE OF THE PRESIDENT	0	[]
368	CENTRAL MAINE POWER CO CTP SETS QUARTERLY	0	[]
369	SOME FIRMS CURB COMMODITIES BUSINESS WITH DREXEL	0	[]
370	PEP BOYS PBY SETS SPLIT, RAISES QUARTERLY	0	[pep, split]
371	PEP BOYS - MANNY, MOE AND JACK INC PBY 4TH QTR	1	[pep]
372	HOVNANIAN ENTERPRISES HOV EARNINGS TO RISE	0	[]
373	NY TRADERS SAY TURKEY MADE LARGE SUGAR PURCHASE	0	[]
374	NORFOLK NSC UNIT SELLS EQUIPMENT CERTIFICATES	0	[]
375	ANHEUSER-BUSCH BUD OFFICER RESIGNS	0	[]
376	JOHNSON SAYS FED'S ACTIONS YESTERDAY MEANT TO STABILIZE DOLLAR AT CURRENT LEVELS	1	[stabilize]
377	SUNSTAR FOODS INC SUNF 2ND QTR FEB 28 NET	0	[]
378	PHOENIX RE PXRE INITIAL OFFERING UNDER WAY	0	[]
379	NIPPON SIGNAL TO ISSUE 50 MLN SWISS FRANC NOTES	-1	[issue]
380	HADSON HADS TO ACQUIRE 85 PCT OF SEAXE SEAX	0	[]
381	REUTERS TO BUY I P SHARP OF CANADA	1	[sharp]
382	TCBY ENTERPRISES TCBY SPLITS STOCK	0	[]
383	FIRST INTERSTATE I SELLS CAPITAL NOTES	0	[]
384	RAYTHEON CO RTN SETS QUARTERLY	0	[]
385	FIAT MAY ISSUE BOND FOR LIBYAN STAKE, PAPER SAYS	-1	[issue]
386	ITALY'S STET FORMS TELECOMMUNICATIONS FIRM	0	[]
387	P.H. GLATFELTER CO GLP INCREASES DIVIDEND	0	[]
388	LIFE OF INDIANA CORP LIFI 4TH QTR LOSS	-1	[loss]
389	(CORRECTED) - TSENG TSNG SEES SALES INCREASE	0	[]
390	BRAZILIAN BANK STRIKE SPREADS, UNION SAYS	-1	[strike]
391	CONSOLIDATED NOREX TO ACQUIRE TRIWEB RESOURCES	0	[]
392	THAI SUGAR PRODUCTION CONTINUES HIGH IN FEB	0	[]
393	SWEDISH EXPORT CREDIT ISSUES NEW ZEALAND DLR BOND	0	[]
394	APOLLO COMPUTER APCI IN JOINT MARKETING PACT	0	[]
395	ACCUGRAPH IN ASIA MARKETING PACT WITH TRIO-TECH	0	[]
396	REICHHOLD CHEMICALS INC EXPLORING POSSIBLE SALE OF EUROPEAN SUBSIDIARY	0	[]
397	NY TRADERS EXPECT CHINA TO STEP UP SUGAR BUYING	0	[]
398	ROSS STORES INC ROST 4TH QTR JAN 31 LOSS	-1	[loss]
399	ITALIAN TREASURY BILL OFFER HAS MIXED RESPONSE	0	[]
400	AFG AFG EXPANDS INTO AUTO GLASS REPLACEMENT	0	[]
401	GREENWOOD RESOURCES SAYS BANKS COULD FORECLOSE	0	[]
402	NAVISTAR NAV STILL EXPECTS HIGHER 1987 NET	0	[]
403	HEES INTERNATIONAL SETS 100 MLN DLR SHARE ISSUE	-1	[issue]
404	CORRECTED-LILLY INDUSTRIAL COATINGS INC LICIA	0	[]
405	U.S. SENATE PANEL APPROVES TRADE MISSION BILL	0	[]
406	CATERPILLAR CAT WORKERS TOLD TO END SIT-IN	0	[]
407	BAT SHARES UNDERVALUED, SAY STOCK MARKET ANALYSTS	0	[]
408	BALDRIGE SAYS U.S. WILL NOT LET JAPAN DOMINATE WORLD ELECTRONICS MARKET	1	[dominate]
409	REICHHOLD RCI EXPLORING SALE OF EUROPEAN UNIT	0	[]
410	AMERICUS TRUST FOR MERCK MRK NOW EFFECTIVE	2	[trust, effective]
411	UAL SAID DONALD TRUMP WAS INTERESTED IN UAL STOCK "AS INVESTMENT"	1	[trump]
412	INT'L BROADCASTING IBCA SETS REVERSE SPLIT	-1	[split]
413	BI INC BIAC SETS REVERSE SPLIT	-1	[split]
414	BALDRIGE SAYS JAPAN MUST OPEN ITS MARKETS	0	[]
415	K MART KM UNIT BUYS TEXAS LAND	0	[]
416	BASF CORP YEAR NET	0	[]
417	TORONTO DOMINION BUYING MONTREAL EXCHANGE SEAT	0	[]
418	LEAR SIEGLER DEPOSITS 79.4 MLN DLRS TO SECURE NOTES, EFFECTS REORGANIZATION	1	[secure]
419	J.A.M. JAMY WINS 1.5 MLN DLR CONTRACT	1	[wins]
420	UNISYS UIS NEW MAINFRAME INTRODUCTION NOT SET	0	[]
421	MONTANA POWER CO MTP VOTES QUARTERLY DIVIDEND	0	[]
422	UAL UAL SAID TRUMP TALKED WITH UAL CHAIRMAN	1	[trump]
423	GROLIER GLR DEBT UPGRADED BY MOODY'S	0	[debt, upgraded]
424	TEAM INC TMI 3RD QTR FEB 28 NET	0	[]
425	TODD SHIPYARDS CORP OMITS QTLY COMMON DIV, SETS PREFERRED PAYOUT	0	[]
426	RSI CORP RSIC 2ND QTR FEB 28 NET	0	[]
427	RCM TECHNOLOGIES INC RCMT 1ST QTR JAN 31 LOSS	-1	[loss]
428	MCCLAIN INDUSTRIES INC MCCL 1ST QTR DEC 31 NET	0	[]
429	FED OFFERS TO BUY ONE BILLION DLRS OF BILLS FOR CUSTOMER, AFTER NOTE AUCTION	0	[]
430	SYNALLOY SYO ENDS PLANS TO SELL UNIT	0	[]
431	C-I-L ACQUIRING TRIMAC'S STAKE IN TRICIL	0	[]
432	EC INFLATION STARTS TO RISE AGAIN IN FEBRUARY	0	[]
433	PANTERA'S PANT TO BUY TEN PIZZA RESTAURANTS	0	[]
434	ALLIED-SIGNAL INC TO SELL LINOTYPE GROUP TO COMMERZBANK OF WEST GERMANY	0	[]
435	ENERGY/U.S. OIL OUTPUT	0	[]
436	TODD SHIPYARDS TOD OMITS COMMMON DIVIDEND	0	[]
437	IMO DELAVAL IMD SETS INITIAL DIVIDEND	0	[]
438	FED TO PURCHASE TREASURY BILLS FOR A CUSTOMER	0	[]
439	GOULD GLD INTRODUCES NEW MINI SUPERCOMPUTERS	0	[]
440	NATIONAL COMPUTER SYSTEMS INC NLCS4TH QTR NET	0	[]
441	SEC SANCTIONS ACCOUNTANTS KMG MAIN HURDMAN	0	[]
442	ALLIED-SIGNAL ALD TO SELL LINOTYPE UNIT	0	[]
443	CONTINENTAL HEALTH AFFILIATES INC CTHL 4TH QTR	0	[]
444	CANADA SETS OIL INDUSTRY AID PACKAGE	0	[]
445	CONTINENTAL CTHL REPURCHASES NOTES	0	[]
446	ATLANTIS GROUP INC TO OFFER SHARES, NOTES	0	[]
447	MOUNTLEIGH GROUP SEEKS 100 MLN STG FACILITY	0	[]
448	SOUTHWEST FOREST SWF SETTLES STRIKE	-1	[strike]
449	COCOA TALKS SLOW AT CRUCIAL STAGE - DELEGATES	-1	[slow]
450	MACK TRUCKS MACK DEBT AFFIRMED BY S/P	-1	[debt]
451	EURATOM ECU BOND MARKS ROME TREATY ANNIVERSARY	0	[]
452	NEWMONT GOLD NGC SEES GOLD SALES RISING	2	[gold, gold]
453	MESSIDOR TO MERGE WITH TRITON BELEGGINGEN	0	[]
454	IMMUNOGENETICS IGEN TO ENTER LIPOSOME FIELD	0	[]
455	SMITH BARNEY ANALYST CUTS HERCULES HPC RATING	0	[]
456	S/P UPGRADES CONSUMERS POWER'S SENIOR AND SUBORDINATED DEBT	-1	[debt]
457	NAVISTAR NAV SEES HIGHER CAPITAL SPENDING	0	[]
458	MOHAWK DATA MDS AFFILIATE IN SERVICE DEAL	0	[]
459	CONSUMERS POWER CMS DEBT RAISED BY S/P	-1	[debt]
460	ENCOR ENERGY CORP PLANS 125 MLN DLR DEBENTURE OFFER	0	[]
461	PACIFIC GAS PCG SEEKS PURCHASE RULE CHANGE	0	[]
462	ENCOR ENERGY CORP INC YR NET LOSS 406.6 MLN VS PROFIT 35.4 MLN	-1	[loss]
463	BRAZIL PLANS NEW ECONOMIC STRATEGY FOR GROWTH	0	[]
464	MIDDLE SOUTH MSU TO FORM NEW DIVIDEND POLICY	0	[]
465	UK POLL SHOWS SURGE FOR CENTRIST ALLIANCE PARTIES	0	[]
466	EMERSON RADIO EME SELLS DEBT PRIVATELY	-1	[debt]
467	SOLAR SYSTEMS SUN DANCE SSDN EXTENDS WARRANTS	0	[]
468	TWA SOLD FOUR MLN SHARES OF USAIR BELIEVED TO INSTITUTIONS, WALL STREET SOURCES	0	[]
469	U.S. SUGAR POLICY MAY SELF-DESTRUCT, CONGRESSMAN	0	[]
470	FIAT SAYS IT NOT PLANNING TO ISSUE EUROBONDS	-1	[issue]
471	INVESTORS INCREASE STAKE IN FROST, SULLIVAN	-1	[frost]
472	LIBERIAN ORE CARRIER IN COLLISION IN RIVER ELBE	0	[]
473	AIM TELEPHONES AIMT SELLS DEBT TO SHAREHOLDER	-1	[debt]
474	HERSHEY OIL CORP HSO 4TH QTR LOSS	-1	[loss]
475	VISTA MANAGEMENT INC GETS BOND GUARANTEES	0	[]
476	EG AND G INC EGG SETS QUARTERLY	0	[]
477	ENCOR ENERGY CORP INC YEAR LOSS	-1	[loss]
478	BRAZILIAN LABOUR UNREST SPREADS, MANY BANKS SHUT	-1	[unrest]
479	OAK INDUSTRIES OAK SETS DEBT EXCHANGE OFFER	-1	[debt]
480	COLLINS FOODS CF TO REDEEM DEBENTURES	1	[redeem]
481	ANDREOTTI DROPS COALITION BID	0	[]
482	TEAM TMI TO UNVEIL NEW EQUIPMENT IN MAY	0	[]
483	ASTA GROUP INC UNIT IN LOAN PURCHASE	0	[]
484	ENCOR PLANS 125 MLN DLR DEBENTURE OFFERING	0	[]
485	ARDEN INTERNATIONAL AIKI 4TH QTR DEC 27 NET	0	[]
486	TWA TWA SELLS POSITION IN USAIR U	0	[]
487	COMBUSTION ENGINEERINGCSP SEES 1ST QTR NET OFF	0	[]
488	NEWMONT GOLD SEES ITS SALES RISING 22 PCT	1	[gold]
489	TALKING POINT/TOBACCO STOCKS	0	[]
490	MICRO DISPLAY MDSI GETS EUROPEAN ORDERS	0	[]
491	TREASURY'S BAKER SAYS EXCHANGE RATE CHANGES WILL REDUCE TRADE DEFICIT THIS YEAR	0	[]
492	TREASURY'S BAKER SAYS ECONOMIC COOPERATION PROCESS IS WORKING	0	[]
493	TREASURY'S BAKER SAYS "THROWING MONEY" AT DEBTOR NATIONS WON'T WORK	1	[work]
494	UTAH POWER UTP PLANS TO REDEEM PREFERRED STOCK	1	[redeem]
495	GATEWAY SPORTING BUYS INNOVATIVE DENTAL	1	[innovative]
496	TREASURY'S BAKER SEES CUT IN TRADE DEFICIT	0	[]
497	CYCLOPS CORP REFORMS BOARD AFTER DIXONS GROUP FAILS TO GET MAJORITY OF CYCLOPS STOCK	0	[reforms, fails]
498	UK TO RETAIN POWERS AGAINST U.S UNITARY TAXATION	0	[]
499	TREASURY'S BAKER SAYS ECONOMIC COOPERATION WORKS	1	[works]
500	PAN ATLANTIC RE INC PNRE 4TH QTR NET	-1	[pan]
501	QUAKER CHEMICAL CORP QCHM SETS QUARTERLY	0	[]
502	RAYTHEON RTN DIRECTOR RESIGNS	0	[]
503	MIDDLE SOUTH MSU TO CONSIDER DIVIDEND	0	[]
504	MONARCH CAPITAL MON CALLS PREFERRED	0	[]
505	CYANOTECH CYAN SETS WAY TO EXTRACT CAROTENE	0	[]
506	SAS TO UPGRADE CABIN SERVICE IN SCANDINAVIA	0	[]
507	BELGIUM PLANS TO OUTLAW INSIDER TRADING	-1	[outlaw]
508	OWENS-CORNING FIBERGLAS OCF SELLS FOAM UNIT	0	[]
509	U.S. SHOE INC 4TH QTR SHR 31 CTS VS 56 CTS	0	[]
510	U.S. TAX FRAUD CHARGES BROUGHT AGAINST THREE	-1	[fraud]
511	O'BRIEN ENERGY OBS IN CITICORP CCI LEASE	0	[]
512	QUAKER CHEMICAL QCHM TO REPURCHASE SHARES	0	[]
513	TREASURY'S BAKER OUTLINES TRADE BILL CRITICISMS	-1	[criticisms]
514	CASINO COMMISSION DELAYS VOTE ON HOLIDAY HIA	-1	[delays]
515	WORTHERN BANKING WOR IN AGREEMENT WITH FEDS	1	[agreement]
516	U.S. SHOE CORP USR 4TH QTR JAN 31 NET	0	[]
517	NUTMEG INDUSTRIES NUTM SETS LICENSING PACT	0	[]
518	ARGENTINE SOYBEAN YIELD ESTIMATES DOWN FURTHER	0	[]
519	BETA PHASE BETA TO SELL EYEGLASS TECHNOLOGY	0	[]
520	LYNG SAYS AGRICULTURE SHOULD SHARE SPENDING CUTS	0	[]
521	TREASURY'S BAKER SAYS NEW MONEY NOT PANACEA	0	[]
522	VERTEX INDUSTRIES INC VETX 2ND QTR JAN 31 NET	0	[]
523	CYCLOPS CYL SAYS DIXONS APPOINTEES RESIGN	0	[]
524	ECUADOR NEGOTIATES WITH NIGERIA FOR LENDING OIL	0	[]
525	COMPUTERVISION CVN UNVEILS NEW DESIGN GEAR	0	[]
526	NORTHERN STATES POWER CO NSP VOTES QUARTERLY	0	[]
527	SUMMIT TAX EXEMPT BOND FUND SUA SETS PAYOUT	0	[]
528	U.S. SENATE TRADE LEADER CONCERNED ABOUT CANADA	-1	[concerned]
529	TREASURY'S BAKER SAYS NEW MONEY NOT DEBT PANACEA	-1	[debt]
530	BAKER SAYS U.S. WILLING TO COOPERATE TO STABILIZE EXCHANGE RATES	2	[willing, stabilize]
531	BAKER SAYS U.S. WANTS TO STABILIZE EXCHANGE RATES	1	[stabilize]
532	JUSTICE, DOT BACK AIRLINE ANTITRUST SWITCH	0	[]
533	U.S. GOVERNMENT EXPANDS CRACKDOWN ON BAD DEBTS	-2	[bad, debts]
534	FIRST FEDERAL DELAWARE AGREEMENT EXTENDED	1	[agreement]
535	EDELMAN GROUP IN PLAN TO BUY MORSE SHOE MRS	0	[]
536	PHILIP MORRIS' MO OSCAR MAYER SETS REDEMPTION	1	[redemption]
537	U.S  AUTO AGENCY GRANTS FORD F AIR BAG REQUEST	0	[]
538	MERCK MRK GETS FDA HEARTWORM MEDICINE APPROVAL	1	[approval]
539	JOHN LABATT SEES GOOD FOURTH QUARTER, YEAR	1	[good]
540	HUSKY HYO SETS MEETING TO APPROVE MERGER	1	[approve]
541	BALTIMORE GAS AND ELECTRIC BGE FILES DEBT	-1	[debt]
542	MERCK MRK GETS APPROVAL FOR DOG HEART DRUG	1	[approval]
543	WASHINGTON GAS LIGHT CO WGL HIKES PAYOUT	0	[]
544	ZENITH ZE NAMES NEW FINANCIAL OFFICER	1	[zenith]
545	FERC DECISION COULD CUT COLUMBIA GAS CG NET	0	[]
546	U.S. OFFERS MORE CREDITS FOR VEG OIL TO N. YEMEN	0	[]
547	PUERTO RICAN CEMENT CO PRN SETS PAYOUT	0	[]
548	U.S. SHOE USR TO OPEN 421 STORES IN 1987	0	[]
549	BARRIS BRRS TO BUY BACK STOCK	0	[]
550	CANADA MAY MONITOR STEEL SHIPMENTS	0	[]
551	MEXICO SIGNS 100 MLN DLR IADB TOURISM LOAN	0	[]
552	WESCO FINANCIAL CORP WSC 4TH QTR NET	0	[]
553	HELM H SELLS ADDITIONAL SHARES IN BAMBERGER	0	[]
554	AMPAL-AMERICAN ISRAEL CORP AIS.A YEAR NET	0	[]
555	COCOA COUNCIL CHAIRMAN SEEKS BUFFER COMPROMISE	0	[]
556	SNC GROUP EXPECTS HIGHER 1987 EARNINGS, SALES	0	[]
557	MINE SAFETY MNES SELLS SOUTH AFRICA UNIT	0	[]
558	MEDAR INC MDXR 4TH QTR DEC 31 LOSS	-1	[loss]
559	MEDAR MDXR CHANGES FISCAL YEAR	0	[]
560	EPSILON DATA EPSI GETS NEW CREDIT AGREEMENT	1	[agreement]
561	U.S. SECURITIES INDUSTRY ASSN BACKS RESTRAINTS ON TAKEOVERS, INSIDER TRADING	0	[]
562	CHEMFIX TECHNOLOGIES INC CFIX 2ND QTR NET	0	[]
563	ALABAMA UPGRADED IN BRUCELLOSIS PROGRAM	1	[upgraded]
564	HELM H AFFILIATE SELLS SYSTEM	0	[]
565	FEDERAL PAPER FBO OFFERS PREFERENTIAL SHARES	0	[]
566	ALLIS-CHALMERS AH SELLS SWISS UNIT	0	[]
567	MONARCH CAPITAL MON PR WILL NOT RESUME TRADING	0	[]
568	FLORIDA EMPLOYERS INSURANCE CO FLAE YEAR 1986	0	[]
569	SHELL OIL GETS 104.3 MLN DLR CONTRACT	0	[]
570	U.S. 4-YEAR NOTE AVERAGE YIELD 6.79 PCT, STOP 6.79 PCT, AWARDED AT HIGH YIELD 95 PCT	1	[awarded]
571	DETROIT EDISON FILES SHELF REGISTRATION FOR ONE BILLION DLRS IN BONDS	0	[]
572	NIKE INC NIKE 3RD QTR FEB 28 NET	0	[]
573	ZENITH NATIONAL INSURANCE ZNAT QTLY DIVIDEND	1	[zenith]
574	REDKIN LABORATORIES INC RDKN QTLY DIVIDEND	0	[]
575	INT'L MINERALS IGL PLANS BIOTECHNOLOGY PROJECT	0	[]
576	COOPERVISION INC EYE QTLY DIVIDEND	0	[]
577	UAL UAL SURROUNDED BY TAKEOVER SPECULATION	0	[]
578	U.S. SECURITIES GROUP BACKS INSIDER RESTRAINTS	0	[]
579	TEXACO TX RESERVES DOWN DESPITE LOWER OUTPUT	0	[]
580	SIX REPORTED WOUNDED IN ECUADOR GENERAL STRIKE	-1	[strike]
581	INT'L MINERALS PROJECT TO BOOST HOG LEAN WEIGHT	2	[boost, lean]
582	LOMAC TO PAY 17 MLN DLRS TO CLEAN SITE IN FIRST SUPERFUND-2 SETTLEMENT	1	[clean]
583	PULITZER PUBLISHING CO PLTZC DECLARES QTLY DIV	0	[]
584	FEDERAL CO FFF SETS REGULAR PAYOUT	0	[]
585	TRANSCANADA PIPE TRP SETS SHARE REDEMPTION	1	[redemption]
586	SOUTHWESTERN BELL SBC SEES EARNINGS DILUTION	0	[]
587	BOLIVIAN DEBT BUYBACK PLAN SAID GAINING GROUND	0	[debt, gaining]
588	BRAZIL WANTS TO INCREASE STEEL EXPORTS TO U.S.	0	[]
589	XYLOGICS IN INITIAL PUBLIC OFFERING	0	[]
590	DETROIT EDISON DTE REGISTERS BONDS	0	[]
591	S/P DOWNGRADES DANA CORP'S 900 MLN DLRS OF DEBT	-1	[debt]
592	ANCHOR SAVINGS BANK OFFERING FULLY SUBSCRIBED	1	[savings]
593	LEAR SIEGLER HOLDING CORP PLANS TO DIVEST AEROSPACE SUBSIDIARY	0	[]
594	VARITY CORP YEAR SHR LOSS 21 CTS VS LOSS 16 CTS	-2	[loss, loss]
595	NORDSON NDSN SETS 3-FOR-2 SPLIT	-1	[split]
596	BALDRIGE SEES U.S. TRADE DEFICIT STARTING TO DECLINE IN FEB OR MARCH DATA	-1	[decline]
597	S/P MAY UPGRADE WAINOCO OIL WOL	0	[]
598	U.S. BUDGET DIRECTOR WARNS AGAINST TAX INCREASE	0	[]
599	BALDRIGE SEES U.S. TRADE GAP DROPPING SOON	0	[]
600	NORMAL WORK RESUMES AT NEW ZEALAND PORTS	1	[work]
601	VARITY CORP VAT 4TH QTR JAN 31 LOSS	-1	[loss]
602	INDIANA FEDERAL IFSL 4TH QTR NET	0	[]
603	LEAR-SIEGLER HOLDING TO DIVEST AEROSPACE UNIT	0	[]
604	RUBBERMAID RBD COMPLETES ACQUISITIONS	0	[]
605	KANSAS POWER AND LIGHT KAN CHAIRMAN LEAVING	0	[]
606	CRYSTAL OIL CO COR 4TH QTR LOSS	-1	[loss]
607	CHEMFIX TECHNOLOGIES CFIX 2ND QTR FEB 28 NET	0	[]
608	FEDERAL-MOGUL CORP FMO SETS REGULAR DIVIDEND	0	[]
609	IOWA RESOURCES INC IOR DECLARES QTLY DIVIDEND	0	[]
610	EIA SAYS DISTILLATE STOCKS OFF 3.2 MLN BBLS, GASOLINE UP 2.2 MLN, CRUDE UP 7.5 MLN	-1	[crude]
611	U.S. HOME RESALES UP IN FEBRUARY, REALTORS SAY	0	[]
612	EL PASO ELECTRIC ELPA TO BUY BACK BONDS	0	[]
613	LOWER U.S. SOYBEAN LOAN IDEA SHARPLY CRITICIZED	-2	[sharply, criticized]
614	FIDUCIARY TRUST CO IN FIVE-FOR-ONE STOCK SPLIT	0	[trust, split]
615	MODULAIRE MODX BUYS BOISE HOMES PROPERTY	0	[]
616	U.S. HOUSE PANEL ADOPTS BILL THAT COULD BAR JAPANESE PRIMARY DEALERS	0	[]
617	LITTLE SUPPORT FOR MANDATORY ACREAGE CUTS - LYNG	1	[support]
618	UAL UAL UNIT LINKS RESERVATION SERVICE	0	[]
619	DANA CORP DCN DEBT LOWERED BY S/P	-1	[debt]
620	MINNESOTA POWER MPL SELLS SEVEN-YEAR BONDS	0	[]
621	LA QUINTA MOTOR INNS INCLQM3RD QTR FEB 28 NET	0	[]
622	KANSAS CITY SOUTHERN INDUSTRIES SAYS IT EAGER TO PURCHASE SOUTHERN PACIFIC RAILROAD	1	[eager]
623	FNMA ANNOUNCES 10 AND 20-YEAR MORTGAGE PRODUCTS	0	[]
624	U.S. CHIPMAKERS URGE SANCTIONS AGAINST JAPAN	0	[]
625	U.S. LEGISLATION COULD BAR JAPANESE DEALERS	0	[]
626	BOLIVIAN DEBT BUYBACK PLAN GAINS GROUND	0	[debt, gains]
627	PDVSA PICKS ARCO-AGIP CONSORTIUM IN COAL VENTURE	0	[]
628	S/P DOWNGRADES CHASE, CHEMICAL, IRVING, MANUFACTURERS, MELLON AND SECURITY PACIFIC	0	[]
629	ICN ICN SAYS KODAK SALE WILL NOT AFFECT R/D	0	[]
630	RECENT U.S. OIL DEMAND UP 0.1 PCT FROM YEAR AGO	0	[]
631	FED APPROVES CHEMICAL BANK ACQUISITION OF TEXAS COMMERCE BANCSHARES	0	[]
632	S/P DOWNGRADES SIX U.S. MONEY CENTER BANKS	0	[]
633	KANSAS CITY KSU READY TO BUY SOUTHERN PACIFIC	1	[ready]
634	GENCORP GY BID COULD BE RAISED, GROUP SAYS	0	[]
635	UNOCAL UCL PLANS INCREASE IN CAPITAL SPENDING	0	[]
636	FED APPROVES CHEMICAL NEW YORK CHL MERGER	0	[]
637	VARITYVAT SEES IMPROVED RESULTS AFTER 1ST QTR	1	[improved]
638	CAMPBELL RESOURCES CCH UPS MESTON LAKE STAKE	0	[]
639	FPL GROUP FPL UNIT FILES TO OFFER PREFERRED	0	[]
640	METROBANC MTBC SHAREHOLDERS APPROVE MERGER	1	[approve]
641	CONNECTICUT ENERGY CNEUNIT SEEKS HIGHER RATES	0	[]
642	CATTLEMEN ASSESSING DEATH LOSS FROM STORM	-2	[death, loss]
643	PLAINS RESOURCES INC PLNS YEAR LOSS	-1	[loss]
644	ECUADOR SIGNS 280 MLN DLR IADB LOAN	0	[]
645	PERU'S DEBT OBLIGATIONS HIT 6.3 BILLION DLRS IN 1987	-1	[debt]
646	PENNZOIL (PZL) WILLING TO SETTLE TEXACO (TX) LAWSUIT	1	[willing]
647	FARM CREDIT SYSTEM TO ASK FOR CONGRESSIONAL AID	0	[]
648	GV MEDICAL INC GVMI 4TH QTR LOSS	-1	[loss]
649	FIRST FEDERAL/ARKANSAS FARK IN COURT RULING	0	[]
650	IBC PRESIDENT NOT TO ATTEND ICO EXECUTIVE BOARD	0	[]
651	COLOMBIA TO MAINTAIN FOREIGN BORROWING LEVELS	0	[]
652	EXCHANGE RATE BILL CLEARS U.S. HOUSE PANEL	1	[clears]
653	U.S. CHIPMAKERS URGE SANCTIONS AGAINST JAPAN	0	[]
654	LOMAC TO PAY COSTS IN FIRST SUPERFUND AGREEMENT	1	[agreement]
655	WORLD BANK AFFILIATE PROVIDES CREDIT FOR HAITI	0	[]
656	U.S. AGRICULTURE SECY DOUBTFUL ON DEFICIT GOAL	-1	[doubtful]
657	CLABIR CLG, AMBRIT ABI CALL OFF MERGER	0	[]
658	FAA ORDERS VOICE RECORDERS ON NEW COMMUTER CRAFT	0	[]
659	TELECOMMUNICATIONS BILL CLEARS U.S. HOUSE PANEL	1	[clears]
660	BANK BOARD TAKES CONTROL OF FLORIDA THRIFT	1	[thrift]
661	MOODY'S DOWNGRADES ZENITH ELECTRONICS ZE DEBT	0	[zenith, debt]
662	SDC SYDNEY REPLACES CHAIRMAN	0	[]
663	COST OF PIK CERTIFICATES TO BE EYED BY CONGRESS	0	[]
664	DAILY TELEGRAPH IN DEAL WITH NEWS INTERNATIONAL	0	[]
665	USACAFES USF UNIT POSTS RECORD WEEKLY SALES	0	[]
666	MACAO TO KEEP EXISTING SYSTEM FOR 50 YEARS	0	[]
667	FRIEDMAN INDUSTRIES INC FRD QUARTERLY DIV	0	[]
668	CHIRAC SEES FASTER PRIVATISATION	1	[faster]
669	IADB MEETING ENDS WITH U.S. ISOLATED ON REFORM	0	[isolated, reform]
670	LATIN OIL PRODUCERS TO MEET IN CARACAS	0	[]
671	AUSTRALIAN RESERVE BANK CUTS REDISCOUNT RATE	0	[]
672	ARGENTINA SAYS COULD FOLLOW BRAZILIAN DEBT MOVE	-1	[debt]
673	GENOVA GNVA SIGNS DEFINITIVE MERGER AGREEMENT	1	[agreement]
674	PENOBSCOT SHOE CO PSO 1ST QTR FEB 27 NET	0	[]
675	DREXEL SAYS BUSINESS STRONG DESPITE TRADE PROBE	1	[strong]
676	DAUSTER SAYS NO CHANGE IN BRAZIL'S COFFEE POLICY	0	[]
677	EXCHANGE RATE BILL CLEARS U.S. HOUSE PANEL	1	[clears]
678	CONSOLIDATE CAPITAL TRUST CIOTS 4TH QTR NET	1	[trust]
679	SARNEY REITERATES THAT BRAZIL WILL NOT GO TO IMF	0	[]
680	U.S. BANKS SEEN STEPPING UP SECURITIES ROLE	0	[]
681	PALO VERDE UNIT 3 GRANTED OPERATING LICENSE	0	[]
682	TREASURY'S BAKER SAYS HE STANDS BY PARIS PACT TO FOSTER STABLE CURRENCIES	1	[stable]
683	MEMBERS VOTE TO DISSOLVE U.S. FARM CO-OP	0	[]
684	U.S. SENATE FARM PANEL MAKEUP STILL IN DOUBT	-1	[doubt]
685	BAKER SAYS HE STANDS BY PARIS CURRENCY AGREEMENT	1	[agreement]
686	BAKER DECLINES COMMENT ON VOLCKER REAPPOINTMENT	-1	[declines]
687	CHINA SAYS 1986 BUDGET DEFICIT 7.08 BILLION YUAN	0	[]
688	GUYANA FINANCE MINISTER OPTIMISTIC BUT SEEKS HELP	1	[optimistic]
689	BAKER OPPOSES STOCK TRANSACTION TAX PROPOSAL	0	[]
690	BAKER SEEKS MORE BANK LOANS TO DEVELOPING NATIONS	0	[]
691	LIBYANS APPEAR TO BE PULLING OUT OF CHAD	0	[]
692	CHINA, PORTUGAL INITIAL MACAO PACT	0	[]
693	BAKER SEES 15 TO 20 BILLION DLR DROP IN TRADE GAP	0	[]
694	Sumita says further yen rise would adversely affect Japanese economy	0	[]
695	Sumita says major nations will continue to cooperate to stabilize currencies	1	[stabilize]
696	N.Z. MONEY SUPPLY RISES 2.4 PCT IN JANUARY	0	[]
697	FURTHER YEN RISE WOULD HURT JAPAN ECONOMY, SUMITA	-1	[hurt]
698	JAPAN VTR AND TV EXPORTS FALL IN FEBRUARY	-1	[fall]
699	DEMOCRAT LOSES BID TO WIN CONTRA AID ACCOUNTING	0	[loses, win]
700	EC LINKS AGRICULTURAL TRADE TALKS TO OTHER REFORM	1	[reform]
701	VIETNAM'S ARMY ORDERED TO GROW MORE FOOD	0	[]
702	LINDE TURNOVER UP IN FIRST TWO MONTHS OF 1987	0	[]
703	LINDE AG LING.F 1986 YEAR	0	[]
704	PACIFIC DUNLOP ANNOUNCES AIDS PROTECTION DISCOVERY	1	[protection]
705	BANK OF NEW ZEALAND SHARES TO BE LISTED NEXT WEEK	0	[]
706	JAPAN SEEN CUTTING APRIL BOND COUPON FROM FIVE PCT	0	[]
707	SINGAPORE RULE CHANGES SEEN HAVING LITTLE IMPACT	0	[]
708	TRADE SURPLUS CUT WOULD BENEFIT JAPAN - SUMITA	1	[benefit]
709	VIOLENCE REPORTED IN ECUADOR GENERAL STRIKE	-1	[strike]
710	PHILIPPINE DEBT TALKS PROCEED WITH NARROWER FOCUS	-2	[debt, narrower]
711	GARCIA SAYS PERU NOT TRYING TO EXPORT DEBT STANCE	-1	[debt]
712	SUPREME COURT UPHOLDS AFFIRMATIVE ACTION FOR WOMEN	2	[supreme, affirmative]
713	ECONOMIC SPOTLIGHT - HONG KONG'S MORE ACTIVE ROLE	0	[]
714	GULF ESCORTS STILL UNDER DISCUSSION - WEINBERGER	0	[]
715	SRI LANKA TO LAUNCH APPEAL FOR DROUGHT AID	0	[appeal, drought]
716	MIYAZAWA SAYS MAJOR NATIONS ACTING ON PARIS ACCORD	0	[]
717	U.S. HOUSE PANEL APPROVES 400 MLN DLRS FOREIGN AID	0	[]
718	ECONOMIC SPOTLIGHT - TOKYO EARTHQUAKE AFTERSHOCKS	0	[]
719	Hoechst AG 1986 world group pretax profit 3.21 billion marks vs 3.16 billion	0	[]
720	AIDC ISSUES FIRST AUSTRALIAN DLR MEDIUM TERM NOTES	0	[]
721	MAZDA DOES NOT PLAN TO MAKE SPORTS CARS IN U.S.	0	[]
722	KAWASAKI TO INCREASE MOTORCYCLE OUTPUT	0	[]
723	BANK OF FRANCE LAUNCHES MONEY MARKET INTERVENTION TENDER - OFFICIAL	1	[tender]
724	HOECHST AG HFAG.F YEAR 1986	0	[]
725	GERMAN TRADE, CURRENT ACCOUNT DATA DUE TODAY	0	[]
726	BANK OF FRANCE LAUNCHES MONEY MARKET TENDER	1	[tender]
727	BP says it will tender for remaining 45 pct of Standard Oil at 70 dlrs a share cash	1	[tender]
728	CHINA PROJECTS 1987 BUDGET DEFICIT INCREASE	0	[]
729	BP TO OFFER 7.4 BILLION DLRS FOR STANDARD SHARES	0	[]
730	HOECHST RAISES PROFITS ON LOWER SALES	0	[]
731	Danish overnight money market rate cut to 10 pct from 10.5 - central bank	0	[]
732	BHP NET SEEN AROUND 600 MLN DLRS FOR NINE MONTHS	0	[]
733	BP units seek five billion dlr revolving credit to support Standard Oil tender	2	[support, tender]
734	INDIAN PLANT SIGNS FIRST ALUMINA EXPORT CONTRACT	0	[]
735	FRIED. KRUPP GMBH KRPG.D YEAR 1986	0	[]
736	NORDIC INVESTMENT BANK HAS ZERO COUPON BOND	0	[]
737	LUCAS INDUSTRIES PLC LUCS.L HALFYEAR ENDED JAN 31	0	[]
738	BP UNITS SEEK FIVE BILLION DLR REVOLVING CREDIT	0	[]
739	EUROFIMA LAUNCHING 40 MLN SWISS FRANC NOTES	0	[]
740	CLUB MEDITERRANEE CMI.PA - YEAR ENDED OCTOBER 31	0	[]
741	U.K. MONEY MARKET LIQUIDITY POSITION EXPECTED FLAT	0	[]
742	EC SUGAR TENDER SEEN AS FURTHER CONCESSION	0	[tender, concession]
743	German Feb current account surplus 6.6 billion marks (Jan surplus 4.8 billion) - official	0	[]
744	German February trade surplus 10.4 billion marks (Jan surplus 7.2 billion) - official	0	[]
745	GERMAN CURRENT ACCOUNT SURPLUS WIDENS IN FEBRUARY	0	[]
746	MONTREAL TRUSTCO ISSUES CANADIAN DOLLAR EUROBOND	0	[]
747	KEATING REVISES DOWN AUSTRALIAN GROWTH FORECAST	0	[]
748	TAIWAN'S SAVINGS AT RECORD HIGH	1	[savings]
749	SHORT-DATED SAUDI RIYAL RATES FIRM IN QUIET MARKET	1	[quiet]
750	JAPAN BEEF PRICE SUPPORT CUT WILL NOT RAISE DEMAND	1	[support]
751	FOREIGN FIRMS HOPE TO JOIN JAPAN TELECOM COMPANY	0	[]
752	U.K. OILMEAL/VEG OIL PRODUCTION ROSE IN 1986	0	[]
753	BNP PLANS 100 MLN H.K. DLR CD ISSUE	-1	[issue]
754	PHILIPPINES TO PUT 100 STATE FIRMS UP FOR SALE	0	[]
755	SINGAPORE LAWS TO LIBERALISE LOCAL CAPITAL MARKET	0	[]
756	SIEMENS SEES SALES NEAR 52 BILLION MARKS THIS YEAR	0	[]
757	KRUPP HAS SATISFACTORY 1986 RESULTS	1	[satisfactory]
758	JAPANESE SCIENTISTS DEVELOP AIDS DETECTION MATERIAL	0	[]
759	NO PESSIMISM FOR GERMAN EXPORTERS, MINISTRY	-1	[pessimism]
760	MONETARY AUTHORITIES SAID TO LOSE CREDIBILITY	-1	[lose]
761	AUSTRIA MAKES TWO BILLION SCHILLING NOTE ISSUE	-1	[issue]
762	FRANCE'S CAECL ISSUES THREE BILLION FRANC BOND	0	[]
763	UK FEB TRADE DEFICIT 224 MLN STG VS DEFICIT 527 MLN IN JAN - OFFICIAL.	0	[]
764	U.K. FEB CUURENT ACCOUNT SURPLUS 376 MLN STG VS JAN SURPLUS 73 MLN - OFFICIAL.	0	[]
765	MALAYSIAN CENTRAL BANK SEES HIGHER 1987 GROWTH	0	[]
766	U.K. VISIBLE TRADE DEFICIT NARROWS IN FEBRUARY	0	[]
767	LUCAS SEES CONTINUED GROWTH IN SECOND HALF	0	[]
768	IWC ups Soviet grain 1986/87 import estimate three mln tonnes to 29 mln - official	0	[]
769	IWC lifts 1986/87 world wheat, coarse grain estimate one mln tonnes to record 1,377 mln	-1	[coarse]
770	ECONOMIC SPOTLIGHT - SWISS BANKING SECRECY	0	[]
771	MONTREAL TRUSTCO ISSUES CANADIAN DOLLAR EUROBOND	0	[]
772	LIBYANS APPEAR TO BE PULLING OUT OF CHAD	0	[]
773	TRADE SURPLUS CUT WOULD BENEFIT JAPAN - SUMITA	1	[benefit]
774	ALSTHOM AWARDED 900 MLN FRANC PAKISTANI DEAL	1	[awarded]
775	COMMISSION APPROVES RAINBOW/PROGRESSIVE MERGER	0	[]
776	VIOLENCE REPORTED IN ECUADOR GENERAL STRIKE	-1	[strike]
777	U.K. MONEY MARKET FORECAST REVISED TO DEFICIT	0	[]
778	IWC LIFTS WORLD GRAIN OUTPUT ESTIMATE TO RECORD	0	[]
779	BANK OF JAPAN BUYS SMALL QUANTITY DOLLARS -DEALERS	0	[]
780	U.K. TRADE FIGURES BUOY HOPES OF INTEREST RATE CUT	0	[]
781	ECC APPROVES MONTEDISON/HERCULES VENTURE	0	[]
782	EC SELLS BUTTER STOCKS TO SOVIET UNION	0	[]
783	GERMAN NET CURRENCY RESERVES RISE	0	[]
784	WORLD BANK CHIEF CONCERNED ABOUT BRAZIL ECONOMY	-1	[concerned]
785	ITALIAN TREASURY ANNOUNCES CERTIFICATE OFFER	0	[]
786	GUINNESS PEAT HAS CASH ADVANCE FACILITY	0	[]
787	SUMITOMO BANK HAS 500 MLN STG CD PROGRAM	0	[]
788	CURRENCY EXCHANGE LOSS PUSHES MALAYSIA'S DEBT UP	-2	[loss, debt]
789	IWC SAYS EFFECT OF LOWER SUPPORT PRICES LIMITED	0	[support, limited]
790	SANDOZ HAS 50 MLN DLR EURO-CP PROGRAM	0	[]
791	U.S. TREASURY'S BAKER OPPOSES TAX INCREASE	0	[]
792	PHILIPPINE DEBT TALKS PROCEED WITH NARROWER FOCUS	-2	[debt, narrower]
793	TREASURY'S BAKER SAYS HE STANDS BY PARIS PACT	0	[]
794	TREASURY'S BAKER DECLINES COMMENT ON VOLCKER	-1	[declines]
795	GERMAN ANALYSTS SEE GOLD RISING IN 2ND HALF 1987	1	[gold]
796	CAMBRIAN AND GENERAL NOTES RELISTED IN LONDON	0	[]
797	GULF ESCORTS STILL UNDER DISCUSSION - WEINBERGER	0	[]
798	AUSTRIA TREASURY NOTE ISSUE LIKELY TO BE INCREASED	-1	[issue]
799	NEW CAPITAL RULES WOULD FAVOR FIRST INTERSTATE	1	[favor]
800	FIRST INTERSTATE I ESTIMATES LOSS ON BRAZIL	-1	[loss]
801	FRENCH UNEMPLOYMENT RISES TO SEASONALLY ADJUSTED 2.65 MLN IN FEBRUARY - OFFICIAL	0	[]
802	CONRAIL INITIAL OFFER PRICED AT 28 DLRS SHARE	0	[]
803	MICKELBERRY CORP MBC 4TH QTR NET	0	[]
804	HOLIDAY HIA SEES RULING NEXT WEEK ON PLAN	0	[]
805	MICKELBERRY MBC COMPLETES SALE OF UNIT	0	[]
806	FLUOROCARBON CO FCBN 4TH QTR JAN 31 NET	0	[]
807	ROSTENKOWSKI SAYS REAGAN MUST RECONSIDER TAX RISE	0	[]
808	FRENCH FEBRUARY UNEMPLOYMENT HITS RECORD 2.65 MLN	0	[]
809	TREASURY'S BAKER OPPOSES STOCK TRANSACTION TAX	0	[]
810	PHILIPS ELECTRICAL SELLS STAKE IN UNIDARE	0	[]
811	AMERICAN MEDICAL INTERNATIONAL INC 2ND QTR SHR PROFIT 32 CTS VS LOSS 95 CTS	-1	[loss]
812	BAKER SEES 15 TO 20 BILLION DLR DROP IN TRADE GAP	0	[]
813	NEW GENERATION FOODS NGEN SELLS SHARES	0	[]
814	AMERICAN MEDICAL INTERNATIONAL INC AMI NET	0	[]
815	SIEMENS U.S. TURNOVER TO RISE IN CURRENT YEAR	0	[]
816	F.W. DODGE REPORTS FEBRUARY CONSTRUCTION DROPS	0	[]
817	U.K. VISIBLE TRADE DEFICIT NARROWS IN FEBRUARY	0	[]
818	FRENCH RESERVES FALL ON DEBT REPAYMENT	-2	[fall, debt]
819	FOOTE MINERAL CO IN LETTER OF INTENT TO MERGE INTO RIO TINTO-ZINC	0	[]
820	German March cost of living 0.2 pct below year ago (Feb 0.5 pct below) - official	0	[]
821	TRIZEC CORP LTD 1ST QTR JAN 31 NET	0	[]
822	BRANIFF BAIR MAY GET MEXICAN SERVICE AUTHORITY	0	[]
823	BOSTON EDISON CO BSE REGULAR DIVIDEND	0	[]
824	NIPPON SIGNAL ISSUES 50 MLN SWISS FRANC NOTES	0	[]
825	GERMAN COST OF LIVING FALLS IN MARCH ON YEAR-AGO	-1	[falls]
826	BRITISH BANKS RESIST SIGNING MEXICO PACKAGE, SEEK MORE EQUITABLE CONTRIBUTIONS - LLOYDS	1	[equitable]
827	TURKEY COULD APPLY FOR EC MEMBERSHIP BY EARLY MAY	0	[]
828	BRITISH BANKS SEEK MORE EQUITABLE CONTRIBUTIONS ON MEXICO PACKAGE - LLOYDS	1	[equitable]
829	FOOTE MINERAL FTE TO MERGE INTO RIO TINTO	0	[]
830	U.S. FIRST TIME JOBLESS CLAIMS ROSE IN WEEK	-1	[jobless]
831	BRITISH BANKS RESIST SIGNING MEXICO PACKAGE	0	[]
832	HONG KONG FEBRUARY TRADE SWINGS INTO DEFICIT	0	[]
833	BEST PRODUCTS CO INC 4TH QTR SHR 1.44 DLRS VS 83 CTS	1	[best]
834	GENERALE HEAD CALLS FOR BELGIAN BANK FLEXIBILITY	1	[flexibility]
835	BEST PRODUCTS CO BES 4TH QTR JAN 31 NET	1	[best]
836	K MART KM TO SUPPLY HOME SHOPPING NETWORK	0	[]
837	BANK OF SPAIN PROVIDES YEAR RECORD ASSISTANCE FUNDS	0	[]
838	GREAT WESTERN GWF TO REDEEM DEBENTURES	2	[great, redeem]
839	CHINA, PORTUGAL INITIAL MACAO PACT	0	[]
840	ETHYL CORP EY UNITS COMPLETE ACQUISITON	0	[]
841	JEFFERIES IS MAKING A MARKET IN STANDARD SRD	0	[]
842	COLONIAL CABK TALKS WITH DISSIDENTS BREAK DOWN	-2	[dissidents, break]
843	BRITISH POLITICIANS URGE JAPAN TRADE SANCTIONS	0	[]
844	U.K. TRADE FIGURES BUOY HOPES OF INTEREST RATE CUT	0	[]
845	S. KOREA MAY BUY U.S. OIL TO AID TRADE BALANCE	0	[]
846	BP BP TO HOLD NEW YORK PRESS CONFERENCE	0	[]
847	U.S. TREASURY'S MULFORD REAFFIRMS G-6 PACT TO FOSTER CURRENCY STABILITY AROUND CURRENT LEVELS	1	[stability]
848	TREASURY'S MULFORD SAYS G-6 HAS NO CURRENCY TARGET ZONES, RANGES	0	[]
849	GERMAN ANALYSTS SEE GOLD FIRMING LATER THIS YEAR	1	[gold]
850	ESSEX CHEMICAL ESX SELLS CONVERTIBLE DEBT	-1	[debt]
851	U.K. MONEY MARKET RECEIVES 226 MLN STG ASSISTANCE	0	[]
852	SWEDEN REVISES BUDGET FORECASTS	0	[]
853	BANK OF FRANCE LEAVES MONEY MARKET INTERVENTION RATE UNCHANGED AT 7-3/4 PCT - OFFICIAL	0	[]
854	MCO MCO, MAXXAM MXM HOLDERS APPROVE MERGER	1	[approve]
855	CANADA DETAILS TWO BOND AUCTIONS	0	[]
856	PRICE CO PCLB 2ND QTR MARCH 15 NET	0	[]
857	CAROLIAN SYSTEMS SEES LOWER FISCAL 1987 PROFIT	0	[]
858	BANK OF FRANCE BUYS DOLLARS, SELLS YEN - DEALERS	0	[]
859	TUNISIA TO BREAK TIES WITH IRAN	-1	[break]
860	U.S TREASURY'S MULFORD REAFFIRMS G-6 AGREEMENT	1	[agreement]
861	FRENCH FREE MARKET CEREAL EXPORT BIDS DETAILED	1	[free]
862	U.S. GOLD EAGLE SALES PROJECTED AT 3.1 MLN OUNCES	1	[gold]
863	NEOAX NOAX TO SELL NOVATRONICS FOR 20 MLN DLRS	0	[]
864	PONCE FEDERAL BANK FSB PFBS RAISES DIVIDEND	0	[]
865	FOOTHILL GROUP FGI SEES BETTER FIRST QUARTER	1	[better]
866	COMMODORE CBU IN PACT FOR COMPUTER GRAPHICS	0	[]
867	BANK OF FRANCE BUYS DOLLARS, SELLS YEN - DEALERS	0	[]
868	STANDARD SRD REFERRING BP BP BID TO GROUP	0	[]
869	MULFORD SEES MORE BANK LOANS TO DEBTORS IN 1987	0	[]
870	ANCHOR GLASS AGLS NOW SEES HIGHER 1ST QTR NET	0	[]
871	MACNEAL-SCHWENDLER CORP MNS RAISES PAYOUT	0	[]
872	VISHAY VSH COMPLETES EXCHANGE OFFER	0	[]
873	CREDIT LYONNAIS UNIT HAS AUSTRALIAN DOLLAR BOND	0	[]
874	VIACOM INTERNATIONAL INC VIA SETS QUARTERLY	0	[]
875	WALT DISNEY ISSUES 60 MLN AUS DLR EUROBOND	0	[]
876	U.K. MONEY MARKET GETS 25 MLN STG LATE HELP	0	[]
877	IOMEGA IOMG IN SUPPLY AGREEMENT	1	[agreement]
878	LIBYA ABANDONS CHAD STRONGHOLD AFTER DEFEATS	1	[defeats]
879	ROY F. WESTON WSTNA DISTRIBUTING STATEMENT	0	[]
880	PHLCORP PHX HAS BREAKEVEN RESULTS	0	[]
881	MARSAM PHARMACEUTICALS INC IN INITIAL OFFERING	0	[]
882	STONE CONTAINER STO TO REDEEM DEBT	0	[redeem, debt]
883	FARM CREDIT SYSTEM REQUESTS U.S. CREDIT LINE	0	[]
884	OAKWOOD HOMES OH SELLS CONVERTIBLE DEBENTURES	0	[]
885	EMCO SETS 75 MLN DLR DEBENTURE OFFERING	0	[]
886	FISCHER-WATT TO SELL CONVERTIBLE PREFERRED	0	[]
887	FOOTE MINERAL TO MERGE INTO RIO TINTO	0	[]
888	ALUMINIUM SCRAP RECOVERY AND USAGE TO RISE	0	[scrap, recovery]
889	CROSS AND TRECKER CTCO BUYS AUTOMATION UNIT	0	[]
890	SALANT CORP SLT 1ST QTR FEB 28 NET	0	[]
891	CRAY CYR INSTALLS 22 MLN DLR COMPUTER	0	[]
892	HEALTHMATE INC HMTE 4TH QTR LOSS	-1	[loss]
893	KEATING REVISES DOWN AUSTRALIAN GROWTH FORECAST	0	[]
894	VICON INDUSTRIES VII VOTES STAGGERED BOARD	0	[]
895	FRENCH STOCK BILL TO BE PRESENTED BEFORE JUNE	0	[]
896	GERMAN TAX CUT BILL TO GO BEFORE CABINET APRIL 1	0	[]
897	NATIONAL BANC OF COMMERCE CO NBCC SETS PAYOUT	0	[]
898	HARSCO CORP HSC SETS REGULAR PAYOUT	0	[]
899	MADAGASCAR COCOA PRODUCTION ESTIMATED HIGHER	0	[]
900	COMPUTER ASSOCIATES CA SETS TWO FOR ONE SPLIT	-1	[split]
901	SWISS NET CAPITAL EXPORTS RISE IN 1986	0	[]
902	ST LAWRENCE SEAWAY OPENING STILL MARCH 31	0	[]
903	DUTCH GRAIN LEVY TEST CASE TO START IN APRIL	0	[]
904	IDB APPROVES TRADE, PROJECT LOANS TO MEMBERS	0	[]
905	Z-SEVEN FUND SEES HIGHER 1987 NET	0	[]
906	FRENCH STOCK BILL TO BE PRESENTED BEFORE JUNE	0	[]
907	JAGUAR OFFERS NEW LUXURY SEDAN	1	[luxury]
908	SPANISH REFINER PLANS GASOLINE ADDITIVE PLANT	0	[]
909	WALL STREET STOCKS/U.S. OIL COMPANIES	0	[]
910	ROY F. WESTON INC WSTNA 4TH QTR NET	0	[]
911	MOBIL MOB TO UPGRADE REFINERY UNIT	0	[]
912	WARNER-LAMBERT WLA SUES MASON DISTRIBUTORS	-1	[sues]
913	NOVA NOVX TO GET BRADYKININ ANTAGONIST PATENT	-1	[antagonist]
914	BLOCKBUSTER BBEC TO ACQUIRE LICENSEE	1	[blockbuster]
915	BRAZIL SOY HARVEST 13 PCT COMPLETE - NEWSLETTER	0	[]
916	CONTEL CTC TO BUY WALKER COUNTY TELEPHONE	0	[]
917	COMPUDYNE CDC SEES COSTS FROM CLEAN-UP STUDY	0	[]
918	REUTERS TO CARRY SEAQ TWO-WAY U.K. SHARE QUOTES	0	[]
919	MULFORD SAYS G-6 WANTS STABILITY	1	[stability]
920	SYMBOL TECHNOLOGIES SMBL GETS CONTRACT	0	[]
921	THERMO PROCESS TPSI COMPLETES ACQUSITION	0	[]
922	SIEMENS RAISES STAKE IN TELECOM PLUS OF U.S.	0	[]
923	FRUEHAUF POSTS 20.3 MLN DLR 1986 LOSS	-1	[loss]
924	MICHIGAN GENERAL MGL TO SELL KRESTMARK UNIT	0	[]
925	RABBIT SOFTWARE RABT TO MERGE WITH CTI DATA	0	[]
926	COMSTOCK GROUP INC CSTK 4TH QTR LOSS	-1	[loss]
927	TIME TL SINKING FUND DEBENTURES YIELD 8.84 PCT	-1	[sinking]
928	MITSUBISHI UNIT TO SUPPLY CELLULAR TELEPHONE SYSTEMS	0	[]
929	U.S. SENATE HITS EC OILS TAX, VOWS RETALIATION	0	[]
930	HEALTHMATE INC SAYS AUDITORS INTEND TO QUALIFY ITS FINANCIAL STATEMENTS	1	[qualify]
931	SWEDISH BANK, U.S. FIRM PLAN U.K. STOCK VENTURE	0	[]
932	HARSCO CORP HSC SETS QUARTERLY	0	[]
933	MILASTAR CORP MILA 3RD QTR JAN 31 LOSS	-1	[loss]
934	BDM BDM GETSW ARMY CONTRACT	0	[]
935	BANK OF BOSTON EXPECTS 1ST QTR EARNINGS FROM 90 CTS TO 1.00 DLRS/SHR VS 79 CTS	0	[]
936	BANK OF BOSTON BKB SEES IMPROVED 1ST QUARTER	1	[improved]
937	LIBYA REPORTEDLY BOUGHT WHITE SUGAR	0	[]
938	USAIR GETS APPROVAL TO BUY 9,309,394 PIEDMONT SHARES IN TENDER	2	[approval, tender]
939	FED EXPECTED TO ADD RESERVES	0	[]
940	WRIGHT SAYS HOUSE BUDGET COMMITTEE ON TARGET	0	[]
941	GE GE CREDIT SUES PHOENIX FINANCIAL PHFC	-1	[sues]
942	DOLLAR/YEN INTERVENTION RESPONDS TO PRESSURE	0	[]
943	WALL STREET STOCKS/U.S. OIL COMPANIES	0	[]
944	MULFORD SAYS GERMANY, JAPAN HAVE NOT YET LIVED UP TO INTERNATIONAL COMMITMENTS	0	[]
945	ORIENTAL FEDERAL INITIAL OFFERING UNDER WAY	0	[]
946	FARMERS COMMODITIES TO CLEAR FUTURES FOR CO-OPS	1	[clear]
947	FRANK B. HALL FBH DEBT MAY BE CUT BY MOODY'S	-1	[debt]
948	NORCEN SEES IMPROVEMENT IN 1987 EARNINGS	1	[improvement]
949	COCOA COUNCIL HEAD TO PRESENT BUFFER COMPROMISE	0	[]
950	SIEMENS REBUTTS U.S. CRITICISM ON CGCT OFFER	-1	[criticism]
951	MULFORD DISAPPOINTED IN NEWLY INDUSTRIALIZED (NICS) EFFORTS TO STRENGTHEN CURRENCIES	-1	[disappointed]
952	FORD F NEARS GM GM IN EXECUTIVE BONUSES	1	[bonuses]
953	MULFORD SAYS GERMANY, JAPAN SHOULD DO MORE	0	[]
954	EC GRANTS EXPORT LICENCES 197,000 TONNES  FREE MARKET MAIZE, ZERO BARLEY - PARIS TRADERS	1	[free]
955	PIER 1 IMPORTS PIR DECLARES STOCK SPLIT	-1	[split]
956	RCM TECHNOLOGIES RCMT ORDER INCREASED	0	[]
957	LANCER CORP LACR 4TH QTR NET	0	[]
958	THERMO PROCESS TPSI WINS 1.5 MLN DLR CONTRACT	1	[wins]
959	MACNEAL-SCHWENDLER CORP MNS 4TH QTR JAN 31 NET	0	[]
960	NICHOLS INSTITUTE LAB 1ST QTR FEB 28 NET	0	[]
961	FIRST MEDICAL DEVICES CORP FMDC YEAR LOSS	-1	[loss]
962	FIRST MEDICAL FMDC GETS ORDER	0	[]
963	HEALTHMATE HMTE EXPECTS QUALIFIED OPINION	1	[qualified]
964	BALLY BLY NAMES NEW CHIEF FINANCIAL OFFICER	0	[]
965	BRAZIL ASKS 60-DAY EXTENSION SHORT-TERM CREDIT	0	[]
966	HEALTHMATE INC HMTE 4TH QTR LOSS	-1	[loss]
967	USAIR U CLEARED TO BUY PIEDMONT PIE SHARES	1	[cleared]
968	FED SETS TWO BILLION DLR CUSTOMER REPURCHASE, FED SAYS	0	[]
969	HOUSE OF FABRICS INC HF 4TH QTR JAN 31 NET	0	[]
970	GERMAN RETAILERS EXPECT GOOD 1987	1	[good]
971	GERMAN WAGE ROUND SAID TO LIMIT MONETARY OPTIONS	-1	[limit]
972	FOREIGN FIRMS HOPE TO JOIN JAPAN TELECOM COMPANY	0	[]
973	SIEMENS RAISES STAKE IN TELECOM PLUS OF U.S.	0	[]
974	FIRST INTERSTATE SEEKS ACQUISITION	0	[]
975	ATLANTIC RESEARCH ATRC WINS MOTOR CONTRACT	1	[wins]
976	THOMAS AND BETTS TNB FILES PATENT SUIT	0	[]
977	HOUSE OF FABRICS HF SEES RESULTS IMPROVING	1	[improving]
978	U.S. SENATE HITS EC OILS TAX, VOWS RETALIATION	0	[]
979	CROP GENETICS INITIAL OFFERING UNDERWAY	0	[]
980	KODAK EK BUYS STAKE IN BIOTECHNOLOGY COMPANY	0	[]
981	AVERY AVY 1ST QTR FEB 28 NET	0	[]
982	FORD F CREDIT UNIT SELLS NEW ZEALAND DLR FRNS	0	[]
983	IONICS ION WINS 20-YEAR DESALINATION CONTRACT	1	[wins]
984	FED SETS TWO BILLION DLR CUSTOMER REPURCHASE	0	[]
985	SENATE SEEKS U.S. PROBE OF CANADIAN CORN LEVY	0	[]
986	RICOH REORGANIZES U.S. UNITS	0	[]
987	UNITED WATER UWR, BASE TEN BASE SET VENTURE	0	[]
988	KNIGHT-RIDDER INC KRN SETS QUARTERLY	0	[]
989	TECHNITROL INC TNL SETS QUARTERLY	0	[]
990	NATIONWIDE CELLULAR SERVICE INC NCEL 4TH QTR	0	[]
991	A.H.A. AUTOMOTIVE TECHNOLOGIES CORP YEAR NET	0	[]
992	BRAZIL SUGGESTS 60-DAY SHORT-TERM CREDIT EXTENSION	0	[]
993	EMHART EMH WINS FOUR COMMUNICATIONS CONTRACTS	1	[wins]
994	FLUOR FLR AND UNITS DOWNGRADED BY S/P	0	[]
995	BRUNSWICK CORP BC SELLS NOTES AT 8.199 PCT	0	[]
996	ROGERS ROG SEES 1ST QTR NET UP SIGNIFICANTLY	0	[]
